section,object_name,details
check_constraints,public.ingredient_units,"{""definition"":""CHECK (family = 'count'::text OR base_factor IS NOT NULL AND base_factor > 0::numeric)"",""constraint_name"":""ingredient_units_base_factor_check""}"
check_constraints,public.ingredient_units,"{""definition"":""CHECK (family = ANY (ARRAY['mass'::text, 'volume'::text, 'count'::text]))"",""constraint_name"":""ingredient_units_family_check""}"
foreign_keys,public.daily_sales,"{""definition"":""FOREIGN KEY (product_id) REFERENCES products(id) ON DELETE RESTRICT"",""constraint_name"":""daily_sales_product_id_fkey"",""referenced_table"":""public.products""}"
foreign_keys,public.daily_sales,"{""definition"":""FOREIGN KEY (upload_id) REFERENCES uploads(id) ON DELETE CASCADE"",""constraint_name"":""daily_sales_upload_id_fkey"",""referenced_table"":""public.uploads""}"
foreign_keys,public.email_verifications,"{""definition"":""FOREIGN KEY (user_id) REFERENCES \""user\""(id) ON DELETE CASCADE"",""constraint_name"":""email_verifications_user_id_fkey"",""referenced_table"":""public.\""user\""""}"
foreign_keys,public.forecasts,"{""definition"":""FOREIGN KEY (product_id) REFERENCES products(id)"",""constraint_name"":""forecasts_product_id_fkey"",""referenced_table"":""public.products""}"
foreign_keys,public.ingredients,"{""definition"":""FOREIGN KEY (category_id) REFERENCES ingredient_categories(id) ON UPDATE CASCADE ON DELETE SET NULL"",""constraint_name"":""ingredients_category_id_fkey"",""referenced_table"":""public.ingredient_categories""}"
foreign_keys,public.ingredients,"{""definition"":""FOREIGN KEY (unit_id) REFERENCES ingredient_units(id) ON UPDATE CASCADE ON DELETE SET NULL"",""constraint_name"":""ingredients_unit_id_fkey"",""referenced_table"":""public.ingredient_units""}"
foreign_keys,public.inventory_transactions,"{""definition"":""FOREIGN KEY (ingredient_id) REFERENCES ingredients(id)"",""constraint_name"":""inventory_transactions_ingredient_id_fkey"",""referenced_table"":""public.ingredients""}"
foreign_keys,public.market_price,"{""definition"":""FOREIGN KEY (ingredient_id) REFERENCES ingredients(id) ON DELETE CASCADE"",""constraint_name"":""market_price_ingredient_id_fkey"",""referenced_table"":""public.ingredients""}"
foreign_keys,public.notifications,"{""definition"":""FOREIGN KEY (user_id) REFERENCES \""user\""(id) ON DELETE CASCADE"",""constraint_name"":""notifications_user_id_fkey"",""referenced_table"":""public.\""user\""""}"
foreign_keys,public.password_resets,"{""definition"":""FOREIGN KEY (user_id) REFERENCES \""user\""(id) ON DELETE CASCADE"",""constraint_name"":""password_resets_user_id_fkey"",""referenced_table"":""public.\""user\""""}"
foreign_keys,public.product_classifications,"{""definition"":""FOREIGN KEY (product_id) REFERENCES products(id) ON DELETE CASCADE"",""constraint_name"":""product_classifications_product_id_fkey"",""referenced_table"":""public.products""}"
foreign_keys,public.product_ingredients,"{""definition"":""FOREIGN KEY (product_id) REFERENCES products(id)"",""constraint_name"":""product_ingredients_product_fk"",""referenced_table"":""public.products""}"
foreign_keys,public.product_ingredients,"{""definition"":""FOREIGN KEY (ingredient_id) REFERENCES ingredients(id)"",""constraint_name"":""product_ingredients_ingredient_fk"",""referenced_table"":""public.ingredients""}"
foreign_keys,public.products,"{""definition"":""FOREIGN KEY (category_id) REFERENCES product_categories(id)"",""constraint_name"":""products_category_id_fkey"",""referenced_table"":""public.product_categories""}"
foreign_keys,public.uploads,"{""definition"":""FOREIGN KEY (user_id) REFERENCES \""user\""(id) ON DELETE CASCADE"",""constraint_name"":""uploads_user_id_fkey"",""referenced_table"":""public.\""user\""""}"
functions,"public.deduct_ingredient_stock(p_ingredient_id integer, p_deduction numeric, p_updated_by integer)","{""language"":""plpgsql"",""definition"":""CREATE OR REPLACE FUNCTION public.deduct_ingredient_stock(p_ingredient_id integer, p_deduction numeric, p_updated_by integer DEFAULT NULL::integer)\n RETURNS TABLE(previous_quantity numeric, new_quantity numeric)\n LANGUAGE plpgsql\nAS $function$\r\nBEGIN\r\n  RETURN QUERY\r\n  WITH locked AS (\r\n    -- FOR UPDATE takes the row lock up front so this CTE's read and the\r\n    -- UPDATE below see/affect the same row within this one statement,\r\n    -- and any other transaction touching this ingredient waits its turn.\r\n    SELECT quantity AS old_quantity\r\n    FROM public.ingredients\r\n    WHERE id = p_ingredient_id\r\n    FOR UPDATE\r\n  ),\r\n  updated AS (\r\n    UPDATE public.ingredients\r\n    SET quantity = GREATEST(0, quantity - p_deduction),\r\n        updated_by = COALESCE(p_updated_by, updated_by)\r\n    WHERE id = p_ingredient_id\r\n    RETURNING quantity AS updated_quantity\r\n  )\r\n  SELECT locked.old_quantity, updated.updated_quantity\r\n  FROM locked, updated;\r\nEND;\r\n$function$\n"",""return_type"":""TABLE(previous_quantity numeric, new_quantity numeric)""}"
functions,"public.gin_extract_query_trgm(text, internal, smallint, internal, internal, internal, internal)","{""language"":""c"",""definition"":""CREATE OR REPLACE FUNCTION public.gin_extract_query_trgm(text, internal, smallint, internal, internal, internal, internal)\n RETURNS internal\n LANGUAGE c\n IMMUTABLE PARALLEL SAFE STRICT\nAS '$libdir/pg_trgm', $function$gin_extract_query_trgm$function$\n"",""return_type"":""internal""}"
functions,"public.gin_extract_value_trgm(text, internal)","{""language"":""c"",""definition"":""CREATE OR REPLACE FUNCTION public.gin_extract_value_trgm(text, internal)\n RETURNS internal\n LANGUAGE c\n IMMUTABLE PARALLEL SAFE STRICT\nAS '$libdir/pg_trgm', $function$gin_extract_value_trgm$function$\n"",""return_type"":""internal""}"
functions,"public.gin_trgm_consistent(internal, smallint, text, integer, internal, internal, internal, internal)","{""language"":""c"",""definition"":""CREATE OR REPLACE FUNCTION public.gin_trgm_consistent(internal, smallint, text, integer, internal, internal, internal, internal)\n RETURNS boolean\n LANGUAGE c\n IMMUTABLE PARALLEL SAFE STRICT\nAS '$libdir/pg_trgm', $function$gin_trgm_consistent$function$\n"",""return_type"":""boolean""}"
functions,"public.gin_trgm_triconsistent(internal, smallint, text, integer, internal, internal, internal)","{""language"":""c"",""definition"":""CREATE OR REPLACE FUNCTION public.gin_trgm_triconsistent(internal, smallint, text, integer, internal, internal, internal)\n RETURNS \""char\""\n LANGUAGE c\n IMMUTABLE PARALLEL SAFE STRICT\nAS '$libdir/pg_trgm', $function$gin_trgm_triconsistent$function$\n"",""return_type"":""\""char\""""}"
functions,public.gtrgm_compress(internal),"{""language"":""c"",""definition"":""CREATE OR REPLACE FUNCTION public.gtrgm_compress(internal)\n RETURNS internal\n LANGUAGE c\n IMMUTABLE PARALLEL SAFE STRICT\nAS '$libdir/pg_trgm', $function$gtrgm_compress$function$\n"",""return_type"":""internal""}"
functions,"public.gtrgm_consistent(internal, text, smallint, oid, internal)","{""language"":""c"",""definition"":""CREATE OR REPLACE FUNCTION public.gtrgm_consistent(internal, text, smallint, oid, internal)\n RETURNS boolean\n LANGUAGE c\n IMMUTABLE PARALLEL SAFE STRICT\nAS '$libdir/pg_trgm', $function$gtrgm_consistent$function$\n"",""return_type"":""boolean""}"
functions,public.gtrgm_decompress(internal),"{""language"":""c"",""definition"":""CREATE OR REPLACE FUNCTION public.gtrgm_decompress(internal)\n RETURNS internal\n LANGUAGE c\n IMMUTABLE PARALLEL SAFE STRICT\nAS '$libdir/pg_trgm', $function$gtrgm_decompress$function$\n"",""return_type"":""internal""}"
functions,"public.gtrgm_distance(internal, text, smallint, oid, internal)","{""language"":""c"",""definition"":""CREATE OR REPLACE FUNCTION public.gtrgm_distance(internal, text, smallint, oid, internal)\n RETURNS double precision\n LANGUAGE c\n IMMUTABLE PARALLEL SAFE STRICT\nAS '$libdir/pg_trgm', $function$gtrgm_distance$function$\n"",""return_type"":""double precision""}"
functions,public.gtrgm_in(cstring),"{""language"":""c"",""definition"":""CREATE OR REPLACE FUNCTION public.gtrgm_in(cstring)\n RETURNS gtrgm\n LANGUAGE c\n IMMUTABLE PARALLEL SAFE STRICT\nAS '$libdir/pg_trgm', $function$gtrgm_in$function$\n"",""return_type"":""gtrgm""}"
functions,public.gtrgm_options(internal),"{""language"":""c"",""definition"":""CREATE OR REPLACE FUNCTION public.gtrgm_options(internal)\n RETURNS void\n LANGUAGE c\n IMMUTABLE PARALLEL SAFE\nAS '$libdir/pg_trgm', $function$gtrgm_options$function$\n"",""return_type"":""void""}"
functions,public.gtrgm_out(gtrgm),"{""language"":""c"",""definition"":""CREATE OR REPLACE FUNCTION public.gtrgm_out(gtrgm)\n RETURNS cstring\n LANGUAGE c\n IMMUTABLE PARALLEL SAFE STRICT\nAS '$libdir/pg_trgm', $function$gtrgm_out$function$\n"",""return_type"":""cstring""}"
functions,"public.gtrgm_penalty(internal, internal, internal)","{""language"":""c"",""definition"":""CREATE OR REPLACE FUNCTION public.gtrgm_penalty(internal, internal, internal)\n RETURNS internal\n LANGUAGE c\n IMMUTABLE PARALLEL SAFE STRICT\nAS '$libdir/pg_trgm', $function$gtrgm_penalty$function$\n"",""return_type"":""internal""}"
functions,"public.gtrgm_picksplit(internal, internal)","{""language"":""c"",""definition"":""CREATE OR REPLACE FUNCTION public.gtrgm_picksplit(internal, internal)\n RETURNS internal\n LANGUAGE c\n IMMUTABLE PARALLEL SAFE STRICT\nAS '$libdir/pg_trgm', $function$gtrgm_picksplit$function$\n"",""return_type"":""internal""}"
functions,"public.gtrgm_same(gtrgm, gtrgm, internal)","{""language"":""c"",""definition"":""CREATE OR REPLACE FUNCTION public.gtrgm_same(gtrgm, gtrgm, internal)\n RETURNS internal\n LANGUAGE c\n IMMUTABLE PARALLEL SAFE STRICT\nAS '$libdir/pg_trgm', $function$gtrgm_same$function$\n"",""return_type"":""internal""}"
functions,"public.gtrgm_union(internal, internal)","{""language"":""c"",""definition"":""CREATE OR REPLACE FUNCTION public.gtrgm_union(internal, internal)\n RETURNS gtrgm\n LANGUAGE c\n IMMUTABLE PARALLEL SAFE STRICT\nAS '$libdir/pg_trgm', $function$gtrgm_union$function$\n"",""return_type"":""gtrgm""}"
functions,public.set_limit(real),"{""language"":""c"",""definition"":""CREATE OR REPLACE FUNCTION public.set_limit(real)\n RETURNS real\n LANGUAGE c\n STRICT\nAS '$libdir/pg_trgm', $function$set_limit$function$\n"",""return_type"":""real""}"
functions,public.set_products_updated_at(),"{""language"":""plpgsql"",""definition"":""CREATE OR REPLACE FUNCTION public.set_products_updated_at()\n RETURNS trigger\n LANGUAGE plpgsql\nAS $function$\r\nBEGIN\r\n  NEW.updated_at := now();\r\n  RETURN NEW;\r\nEND;\r\n$function$\n"",""return_type"":""trigger""}"
functions,public.show_limit(),"{""language"":""c"",""definition"":""CREATE OR REPLACE FUNCTION public.show_limit()\n RETURNS real\n LANGUAGE c\n STABLE PARALLEL SAFE STRICT\nAS '$libdir/pg_trgm', $function$show_limit$function$\n"",""return_type"":""real""}"
functions,public.show_trgm(text),"{""language"":""c"",""definition"":""CREATE OR REPLACE FUNCTION public.show_trgm(text)\n RETURNS text[]\n LANGUAGE c\n IMMUTABLE PARALLEL SAFE STRICT\nAS '$libdir/pg_trgm', $function$show_trgm$function$\n"",""return_type"":""text[]""}"
functions,"public.similarity(text, text)","{""language"":""c"",""definition"":""CREATE OR REPLACE FUNCTION public.similarity(text, text)\n RETURNS real\n LANGUAGE c\n IMMUTABLE PARALLEL SAFE STRICT\nAS '$libdir/pg_trgm', $function$similarity$function$\n"",""return_type"":""real""}"
functions,"public.similarity_dist(text, text)","{""language"":""c"",""definition"":""CREATE OR REPLACE FUNCTION public.similarity_dist(text, text)\n RETURNS real\n LANGUAGE c\n IMMUTABLE PARALLEL SAFE STRICT\nAS '$libdir/pg_trgm', $function$similarity_dist$function$\n"",""return_type"":""real""}"
functions,"public.similarity_op(text, text)","{""language"":""c"",""definition"":""CREATE OR REPLACE FUNCTION public.similarity_op(text, text)\n RETURNS boolean\n LANGUAGE c\n STABLE PARALLEL SAFE STRICT\nAS '$libdir/pg_trgm', $function$similarity_op$function$\n"",""return_type"":""boolean""}"
functions,"public.strict_word_similarity(text, text)","{""language"":""c"",""definition"":""CREATE OR REPLACE FUNCTION public.strict_word_similarity(text, text)\n RETURNS real\n LANGUAGE c\n IMMUTABLE PARALLEL SAFE STRICT\nAS '$libdir/pg_trgm', $function$strict_word_similarity$function$\n"",""return_type"":""real""}"
functions,"public.strict_word_similarity_commutator_op(text, text)","{""language"":""c"",""definition"":""CREATE OR REPLACE FUNCTION public.strict_word_similarity_commutator_op(text, text)\n RETURNS boolean\n LANGUAGE c\n STABLE PARALLEL SAFE STRICT\nAS '$libdir/pg_trgm', $function$strict_word_similarity_commutator_op$function$\n"",""return_type"":""boolean""}"
functions,"public.strict_word_similarity_dist_commutator_op(text, text)","{""language"":""c"",""definition"":""CREATE OR REPLACE FUNCTION public.strict_word_similarity_dist_commutator_op(text, text)\n RETURNS real\n LANGUAGE c\n IMMUTABLE PARALLEL SAFE STRICT\nAS '$libdir/pg_trgm', $function$strict_word_similarity_dist_commutator_op$function$\n"",""return_type"":""real""}"
functions,"public.strict_word_similarity_dist_op(text, text)","{""language"":""c"",""definition"":""CREATE OR REPLACE FUNCTION public.strict_word_similarity_dist_op(text, text)\n RETURNS real\n LANGUAGE c\n IMMUTABLE PARALLEL SAFE STRICT\nAS '$libdir/pg_trgm', $function$strict_word_similarity_dist_op$function$\n"",""return_type"":""real""}"
functions,"public.strict_word_similarity_op(text, text)","{""language"":""c"",""definition"":""CREATE OR REPLACE FUNCTION public.strict_word_similarity_op(text, text)\n RETURNS boolean\n LANGUAGE c\n STABLE PARALLEL SAFE STRICT\nAS '$libdir/pg_trgm', $function$strict_word_similarity_op$function$\n"",""return_type"":""boolean""}"
functions,public.update_updated_at_column(),"{""language"":""plpgsql"",""definition"":""CREATE OR REPLACE FUNCTION public.update_updated_at_column()\n RETURNS trigger\n LANGUAGE plpgsql\nAS $function$\r\nBEGIN\r\n  NEW.updated_at = TIMEZONE('utc'::text, NOW());\r\n  RETURN NEW;\r\nEND;\r\n$function$\n"",""return_type"":""trigger""}"
functions,"public.word_similarity(text, text)","{""language"":""c"",""definition"":""CREATE OR REPLACE FUNCTION public.word_similarity(text, text)\n RETURNS real\n LANGUAGE c\n IMMUTABLE PARALLEL SAFE STRICT\nAS '$libdir/pg_trgm', $function$word_similarity$function$\n"",""return_type"":""real""}"
functions,"public.word_similarity_commutator_op(text, text)","{""language"":""c"",""definition"":""CREATE OR REPLACE FUNCTION public.word_similarity_commutator_op(text, text)\n RETURNS boolean\n LANGUAGE c\n STABLE PARALLEL SAFE STRICT\nAS '$libdir/pg_trgm', $function$word_similarity_commutator_op$function$\n"",""return_type"":""boolean""}"
functions,"public.word_similarity_dist_commutator_op(text, text)","{""language"":""c"",""definition"":""CREATE OR REPLACE FUNCTION public.word_similarity_dist_commutator_op(text, text)\n RETURNS real\n LANGUAGE c\n IMMUTABLE PARALLEL SAFE STRICT\nAS '$libdir/pg_trgm', $function$word_similarity_dist_commutator_op$function$\n"",""return_type"":""real""}"
functions,"public.word_similarity_dist_op(text, text)","{""language"":""c"",""definition"":""CREATE OR REPLACE FUNCTION public.word_similarity_dist_op(text, text)\n RETURNS real\n LANGUAGE c\n IMMUTABLE PARALLEL SAFE STRICT\nAS '$libdir/pg_trgm', $function$word_similarity_dist_op$function$\n"",""return_type"":""real""}"
functions,"public.word_similarity_op(text, text)","{""language"":""c"",""definition"":""CREATE OR REPLACE FUNCTION public.word_similarity_op(text, text)\n RETURNS boolean\n LANGUAGE c\n STABLE PARALLEL SAFE STRICT\nAS '$libdir/pg_trgm', $function$word_similarity_op$function$\n"",""return_type"":""boolean""}"
indexes,public.audit_logs_action_type_idx,"{""table"":""audit_logs"",""is_unique"":false,""definition"":""CREATE INDEX audit_logs_action_type_idx ON public.audit_logs USING btree (action_type)""}"
indexes,public.audit_logs_action_type_trgm_idx,"{""table"":""audit_logs"",""is_unique"":false,""definition"":""CREATE INDEX audit_logs_action_type_trgm_idx ON public.audit_logs USING gin (action_type gin_trgm_ops)""}"
indexes,public.audit_logs_details_trgm_idx,"{""table"":""audit_logs"",""is_unique"":false,""definition"":""CREATE INDEX audit_logs_details_trgm_idx ON public.audit_logs USING gin (details gin_trgm_ops)""}"
indexes,public.audit_logs_performed_at_idx,"{""table"":""audit_logs"",""is_unique"":false,""definition"":""CREATE INDEX audit_logs_performed_at_idx ON public.audit_logs USING btree (performed_at DESC)""}"
indexes,public.audit_logs_performed_by_idx,"{""table"":""audit_logs"",""is_unique"":false,""definition"":""CREATE INDEX audit_logs_performed_by_idx ON public.audit_logs USING btree (performed_by)""}"
indexes,public.audit_logs_pkey,"{""table"":""audit_logs"",""is_unique"":true,""definition"":""CREATE UNIQUE INDEX audit_logs_pkey ON public.audit_logs USING btree (id)""}"
indexes,public.business_days_business_date_key,"{""table"":""business_days"",""is_unique"":true,""definition"":""CREATE UNIQUE INDEX business_days_business_date_key ON public.business_days USING btree (business_date)""}"
indexes,public.business_days_pkey,"{""table"":""business_days"",""is_unique"":true,""definition"":""CREATE UNIQUE INDEX business_days_pkey ON public.business_days USING btree (id)""}"
indexes,public.business_profile_pkey,"{""table"":""business_profile"",""is_unique"":true,""definition"":""CREATE UNIQUE INDEX business_profile_pkey ON public.business_profile USING btree (id)""}"
indexes,public.categories_name_key,"{""table"":""ingredient_categories"",""is_unique"":true,""definition"":""CREATE UNIQUE INDEX categories_name_key ON public.ingredient_categories USING btree (name)""}"
indexes,public.categories_pkey,"{""table"":""ingredient_categories"",""is_unique"":true,""definition"":""CREATE UNIQUE INDEX categories_pkey ON public.ingredient_categories USING btree (id)""}"
indexes,public.daily_sales_pkey,"{""table"":""daily_sales"",""is_unique"":true,""definition"":""CREATE UNIQUE INDEX daily_sales_pkey ON public.daily_sales USING btree (id)""}"
indexes,public.daily_sales_product_id_sale_date_key,"{""table"":""daily_sales"",""is_unique"":true,""definition"":""CREATE UNIQUE INDEX daily_sales_product_id_sale_date_key ON public.daily_sales USING btree (product_id, sale_date)""}"
indexes,public.email_verifications_pkey,"{""table"":""email_verifications"",""is_unique"":true,""definition"":""CREATE UNIQUE INDEX email_verifications_pkey ON public.email_verifications USING btree (id)""}"
indexes,public.email_verifications_user_id_key,"{""table"":""email_verifications"",""is_unique"":true,""definition"":""CREATE UNIQUE INDEX email_verifications_user_id_key ON public.email_verifications USING btree (user_id)""}"
indexes,public.forecast_cogs_pkey,"{""table"":""forecast_cogs"",""is_unique"":true,""definition"":""CREATE UNIQUE INDEX forecast_cogs_pkey ON public.forecast_cogs USING btree (id)""}"
indexes,public.forecast_config_pkey,"{""table"":""forecast_config"",""is_unique"":true,""definition"":""CREATE UNIQUE INDEX forecast_config_pkey ON public.forecast_config USING btree (id)""}"
indexes,public.forecast_runs_pkey,"{""table"":""forecast_runs"",""is_unique"":true,""definition"":""CREATE UNIQUE INDEX forecast_runs_pkey ON public.forecast_runs USING btree (id)""}"
indexes,public.forecasts_pkey,"{""table"":""forecasts"",""is_unique"":true,""definition"":""CREATE UNIQUE INDEX forecasts_pkey ON public.forecasts USING btree (id)""}"
indexes,public.forecasts_product_date_unique,"{""table"":""forecasts"",""is_unique"":true,""definition"":""CREATE UNIQUE INDEX forecasts_product_date_unique ON public.forecasts USING btree (product_id, forecast_date)""}"
indexes,public.idx_business_days_business_date,"{""table"":""business_days"",""is_unique"":false,""definition"":""CREATE INDEX idx_business_days_business_date ON public.business_days USING btree (business_date)""}"
indexes,public.idx_business_days_status,"{""table"":""business_days"",""is_unique"":false,""definition"":""CREATE INDEX idx_business_days_status ON public.business_days USING btree (status)""}"
indexes,public.idx_inventory_transactions_created_at,"{""table"":""inventory_transactions"",""is_unique"":false,""definition"":""CREATE INDEX idx_inventory_transactions_created_at ON public.inventory_transactions USING btree (created_at)""}"
indexes,public.idx_inventory_transactions_created_by,"{""table"":""inventory_transactions"",""is_unique"":false,""definition"":""CREATE INDEX idx_inventory_transactions_created_by ON public.inventory_transactions USING btree (created_by)""}"
indexes,public.idx_products_status,"{""table"":""products"",""is_unique"":false,""definition"":""CREATE INDEX idx_products_status ON public.products USING btree (status)""}"
indexes,public.ingredient_units_name_key,"{""table"":""ingredient_units"",""is_unique"":true,""definition"":""CREATE UNIQUE INDEX ingredient_units_name_key ON public.ingredient_units USING btree (name)""}"
indexes,public.ingredients_name_key,"{""table"":""ingredients"",""is_unique"":true,""definition"":""CREATE UNIQUE INDEX ingredients_name_key ON public.ingredients USING btree (name)""}"
indexes,public.ingredients_pkey,"{""table"":""ingredients"",""is_unique"":true,""definition"":""CREATE UNIQUE INDEX ingredients_pkey ON public.ingredients USING btree (id)""}"
indexes,public.inventory_transactions_pkey,"{""table"":""inventory_transactions"",""is_unique"":true,""definition"":""CREATE UNIQUE INDEX inventory_transactions_pkey ON public.inventory_transactions USING btree (id)""}"
indexes,public.market_price_pkey,"{""table"":""market_price"",""is_unique"":true,""definition"":""CREATE UNIQUE INDEX market_price_pkey ON public.market_price USING btree (id)""}"
indexes,public.market_sources_key_key,"{""table"":""market_sources"",""is_unique"":true,""definition"":""CREATE UNIQUE INDEX market_sources_key_key ON public.market_sources USING btree (key)""}"
indexes,public.market_sources_pkey,"{""table"":""market_sources"",""is_unique"":true,""definition"":""CREATE UNIQUE INDEX market_sources_pkey ON public.market_sources USING btree (id)""}"
indexes,public.model_metrics_pkey,"{""table"":""model_metrics"",""is_unique"":true,""definition"":""CREATE UNIQUE INDEX model_metrics_pkey ON public.model_metrics USING btree (id)""}"
indexes,public.notifications_pkey,"{""table"":""notifications"",""is_unique"":true,""definition"":""CREATE UNIQUE INDEX notifications_pkey ON public.notifications USING btree (id)""}"
indexes,public.password_resets_pkey,"{""table"":""password_resets"",""is_unique"":true,""definition"":""CREATE UNIQUE INDEX password_resets_pkey ON public.password_resets USING btree (id)""}"
indexes,public.password_resets_user_id_key,"{""table"":""password_resets"",""is_unique"":true,""definition"":""CREATE UNIQUE INDEX password_resets_user_id_key ON public.password_resets USING btree (user_id)""}"
indexes,public.product_categories_name_key,"{""table"":""product_categories"",""is_unique"":true,""definition"":""CREATE UNIQUE INDEX product_categories_name_key ON public.product_categories USING btree (name)""}"
indexes,public.product_categories_pkey,"{""table"":""product_categories"",""is_unique"":true,""definition"":""CREATE UNIQUE INDEX product_categories_pkey ON public.product_categories USING btree (id)""}"
indexes,public.product_classifications_pkey,"{""table"":""product_classifications"",""is_unique"":true,""definition"":""CREATE UNIQUE INDEX product_classifications_pkey ON public.product_classifications USING btree (id)""}"
indexes,public.product_ingredients_pkey,"{""table"":""product_ingredients"",""is_unique"":true,""definition"":""CREATE UNIQUE INDEX product_ingredients_pkey ON public.product_ingredients USING btree (id)""}"
indexes,public.products_name_key,"{""table"":""products"",""is_unique"":true,""definition"":""CREATE UNIQUE INDEX products_name_key ON public.products USING btree (name)""}"
indexes,public.products_pkey,"{""table"":""products"",""is_unique"":true,""definition"":""CREATE UNIQUE INDEX products_pkey ON public.products USING btree (id)""}"
indexes,public.system_actions_log_pkey,"{""table"":""system_actions_log"",""is_unique"":true,""definition"":""CREATE UNIQUE INDEX system_actions_log_pkey ON public.system_actions_log USING btree (id)""}"
indexes,public.units_name_key,"{""table"":""ingredient_units"",""is_unique"":true,""definition"":""CREATE UNIQUE INDEX units_name_key ON public.ingredient_units USING btree (name)""}"
indexes,public.units_pkey,"{""table"":""ingredient_units"",""is_unique"":true,""definition"":""CREATE UNIQUE INDEX units_pkey ON public.ingredient_units USING btree (id)""}"
indexes,public.uploads_pkey,"{""table"":""uploads"",""is_unique"":true,""definition"":""CREATE UNIQUE INDEX uploads_pkey ON public.uploads USING btree (id)""}"
indexes,public.user_auth_id_key,"{""table"":""user"",""is_unique"":true,""definition"":""CREATE UNIQUE INDEX user_auth_id_key ON public.\""user\"" USING btree (auth_id)""}"
indexes,public.user_email_key,"{""table"":""user"",""is_unique"":true,""definition"":""CREATE UNIQUE INDEX user_email_key ON public.\""user\"" USING btree (email)""}"
indexes,public.user_pkey,"{""table"":""user"",""is_unique"":true,""definition"":""CREATE UNIQUE INDEX user_pkey ON public.\""user\"" USING btree (id)""}"
primary_keys,"public.""user""","{""definition"":""PRIMARY KEY (id)"",""constraint_name"":""user_pkey""}"
primary_keys,public.audit_logs,"{""definition"":""PRIMARY KEY (id)"",""constraint_name"":""audit_logs_pkey""}"
primary_keys,public.business_days,"{""definition"":""PRIMARY KEY (id)"",""constraint_name"":""business_days_pkey""}"
primary_keys,public.business_profile,"{""definition"":""PRIMARY KEY (id)"",""constraint_name"":""business_profile_pkey""}"
primary_keys,public.daily_sales,"{""definition"":""PRIMARY KEY (id)"",""constraint_name"":""daily_sales_pkey""}"
primary_keys,public.email_verifications,"{""definition"":""PRIMARY KEY (id)"",""constraint_name"":""email_verifications_pkey""}"
primary_keys,public.forecast_cogs,"{""definition"":""PRIMARY KEY (id)"",""constraint_name"":""forecast_cogs_pkey""}"
primary_keys,public.forecast_config,"{""definition"":""PRIMARY KEY (id)"",""constraint_name"":""forecast_config_pkey""}"
primary_keys,public.forecast_runs,"{""definition"":""PRIMARY KEY (id)"",""constraint_name"":""forecast_runs_pkey""}"
primary_keys,public.forecasts,"{""definition"":""PRIMARY KEY (id)"",""constraint_name"":""forecasts_pkey""}"
primary_keys,public.ingredient_categories,"{""definition"":""PRIMARY KEY (id)"",""constraint_name"":""categories_pkey""}"
primary_keys,public.ingredient_units,"{""definition"":""PRIMARY KEY (id)"",""constraint_name"":""units_pkey""}"
primary_keys,public.ingredients,"{""definition"":""PRIMARY KEY (id)"",""constraint_name"":""ingredients_pkey""}"
primary_keys,public.inventory_transactions,"{""definition"":""PRIMARY KEY (id)"",""constraint_name"":""inventory_transactions_pkey""}"
primary_keys,public.market_price,"{""definition"":""PRIMARY KEY (id)"",""constraint_name"":""market_price_pkey""}"
primary_keys,public.market_sources,"{""definition"":""PRIMARY KEY (id)"",""constraint_name"":""market_sources_pkey""}"
primary_keys,public.model_metrics,"{""definition"":""PRIMARY KEY (id)"",""constraint_name"":""model_metrics_pkey""}"
primary_keys,public.notifications,"{""definition"":""PRIMARY KEY (id)"",""constraint_name"":""notifications_pkey""}"
primary_keys,public.password_resets,"{""definition"":""PRIMARY KEY (id)"",""constraint_name"":""password_resets_pkey""}"
primary_keys,public.product_categories,"{""definition"":""PRIMARY KEY (id)"",""constraint_name"":""product_categories_pkey""}"
primary_keys,public.product_classifications,"{""definition"":""PRIMARY KEY (id)"",""constraint_name"":""product_classifications_pkey""}"
primary_keys,public.product_ingredients,"{""definition"":""PRIMARY KEY (id)"",""constraint_name"":""product_ingredients_pkey""}"
primary_keys,public.products,"{""definition"":""PRIMARY KEY (id)"",""constraint_name"":""products_pkey""}"
primary_keys,public.system_actions_log,"{""definition"":""PRIMARY KEY (id)"",""constraint_name"":""system_actions_log_pkey""}"
primary_keys,public.uploads,"{""definition"":""PRIMARY KEY (id)"",""constraint_name"":""uploads_pkey""}"
storage_buckets,"storage.""business-logo""","{""id"":""business-logo"",""name"":""business-logo"",""public"":true,""created_at"":""2026-07-15T00:50:28.519812+00:00"",""file_size_limit"":null,""allowed_mime_types"":null}"
storage_buckets,"storage.""ml-models""","{""id"":""ml-models"",""name"":""ml-models"",""public"":false,""created_at"":""2026-09-10T15:37:04.044585+00:00"",""file_size_limit"":null,""allowed_mime_types"":null}"
storage_buckets,storage.files,"{""id"":""files"",""name"":""files"",""public"":false,""created_at"":""2026-09-15T20:48:38.392738+00:00"",""file_size_limit"":10485760,""allowed_mime_types"":null}"
tables_and_columns,"public.""user""","{""column"":""id"",""data_type"":""integer"",""is_nullable"":""NO"",""column_default"":null}"
tables_and_columns,"public.""user""","{""column"":""is_verified"",""data_type"":""boolean"",""is_nullable"":""YES"",""column_default"":""false""}"
tables_and_columns,"public.""user""","{""column"":""name"",""data_type"":""character varying"",""is_nullable"":""NO"",""column_default"":null}"
tables_and_columns,"public.""user""","{""column"":""email"",""data_type"":""character varying"",""is_nullable"":""NO"",""column_default"":null}"
tables_and_columns,"public.""user""","{""column"":""auth_id"",""data_type"":""uuid"",""is_nullable"":""YES"",""column_default"":null}"
tables_and_columns,"public.""user""","{""column"":""created_at"",""data_type"":""timestamp without time zone"",""is_nullable"":""YES"",""column_default"":""now()""}"
tables_and_columns,"public.""user""","{""column"":""verified_at"",""data_type"":""timestamp without time zone"",""is_nullable"":""YES"",""column_default"":null}"
tables_and_columns,public.audit_logs,"{""column"":""action_type"",""data_type"":""character varying"",""is_nullable"":""NO"",""column_default"":null}"
tables_and_columns,public.audit_logs,"{""column"":""details"",""data_type"":""text"",""is_nullable"":""YES"",""column_default"":null}"
tables_and_columns,public.audit_logs,"{""column"":""performed_by"",""data_type"":""character varying"",""is_nullable"":""YES"",""column_default"":null}"
tables_and_columns,public.audit_logs,"{""column"":""performed_at"",""data_type"":""timestamp with time zone"",""is_nullable"":""NO"",""column_default"":""now()""}"
tables_and_columns,public.audit_logs,"{""column"":""id"",""data_type"":""uuid"",""is_nullable"":""NO"",""column_default"":""gen_random_uuid()""}"
tables_and_columns,public.business_days,"{""column"":""confirmed_at"",""data_type"":""timestamp with time zone"",""is_nullable"":""YES"",""column_default"":null}"
tables_and_columns,public.business_days,"{""column"":""id"",""data_type"":""integer"",""is_nullable"":""NO"",""column_default"":null}"
tables_and_columns,public.business_days,"{""column"":""business_date"",""data_type"":""date"",""is_nullable"":""NO"",""column_default"":null}"
tables_and_columns,public.business_days,"{""column"":""is_open"",""data_type"":""boolean"",""is_nullable"":""YES"",""column_default"":null}"
tables_and_columns,public.business_days,"{""column"":""status"",""data_type"":""USER-DEFINED"",""is_nullable"":""NO"",""column_default"":""'unconfirmed'::business_day_status""}"
tables_and_columns,public.business_days,"{""column"":""source"",""data_type"":""USER-DEFINED"",""is_nullable"":""YES"",""column_default"":null}"
tables_and_columns,public.business_days,"{""column"":""created_at"",""data_type"":""timestamp with time zone"",""is_nullable"":""YES"",""column_default"":""now()""}"
tables_and_columns,public.business_profile,"{""column"":""opens_at"",""data_type"":""time without time zone"",""is_nullable"":""YES"",""column_default"":null}"
tables_and_columns,public.business_profile,"{""column"":""business_contact_number"",""data_type"":""character varying"",""is_nullable"":""NO"",""column_default"":null}"
tables_and_columns,public.business_profile,"{""column"":""business_address"",""data_type"":""text"",""is_nullable"":""YES"",""column_default"":null}"
tables_and_columns,public.business_profile,"{""column"":""logo_url"",""data_type"":""character varying"",""is_nullable"":""YES"",""column_default"":null}"
tables_and_columns,public.business_profile,"{""column"":""updated_at"",""data_type"":""timestamp without time zone"",""is_nullable"":""YES"",""column_default"":""now()""}"
tables_and_columns,public.business_profile,"{""column"":""operating_days"",""data_type"":""ARRAY"",""is_nullable"":""NO"",""column_default"":""'{0,1,2,3,4}'::integer[]""}"
tables_and_columns,public.business_profile,"{""column"":""closes_at"",""data_type"":""time without time zone"",""is_nullable"":""YES"",""column_default"":null}"
tables_and_columns,public.business_profile,"{""column"":""id"",""data_type"":""integer"",""is_nullable"":""NO"",""column_default"":null}"
tables_and_columns,public.business_profile,"{""column"":""business_name"",""data_type"":""character varying"",""is_nullable"":""NO"",""column_default"":null}"
tables_and_columns,public.business_profile,"{""column"":""business_email"",""data_type"":""character varying"",""is_nullable"":""NO"",""column_default"":null}"
tables_and_columns,public.daily_sales,"{""column"":""sale_date"",""data_type"":""date"",""is_nullable"":""NO"",""column_default"":null}"
tables_and_columns,public.daily_sales,"{""column"":""upload_id"",""data_type"":""integer"",""is_nullable"":""YES"",""column_default"":null}"
tables_and_columns,public.daily_sales,"{""column"":""product_id"",""data_type"":""integer"",""is_nullable"":""YES"",""column_default"":null}"
tables_and_columns,public.daily_sales,"{""column"":""id"",""data_type"":""integer"",""is_nullable"":""NO"",""column_default"":null}"
tables_and_columns,public.daily_sales,"{""column"":""quantity_sold"",""data_type"":""integer"",""is_nullable"":""NO"",""column_default"":null}"
tables_and_columns,public.email_verifications,"{""column"":""created_at"",""data_type"":""timestamp with time zone"",""is_nullable"":""YES"",""column_default"":""now()""}"
tables_and_columns,public.email_verifications,"{""column"":""id"",""data_type"":""integer"",""is_nullable"":""NO"",""column_default"":null}"
tables_and_columns,public.email_verifications,"{""column"":""user_id"",""data_type"":""integer"",""is_nullable"":""NO"",""column_default"":null}"
tables_and_columns,public.email_verifications,"{""column"":""email"",""data_type"":""character varying"",""is_nullable"":""NO"",""column_default"":null}"
tables_and_columns,public.email_verifications,"{""column"":""verification_code"",""data_type"":""character varying"",""is_nullable"":""NO"",""column_default"":null}"
tables_and_columns,public.email_verifications,"{""column"":""expires_at"",""data_type"":""timestamp with time zone"",""is_nullable"":""NO"",""column_default"":null}"
tables_and_columns,public.email_verifications,"{""column"":""is_used"",""data_type"":""boolean"",""is_nullable"":""YES"",""column_default"":""false""}"
tables_and_columns,public.email_verifications,"{""column"":""used_at"",""data_type"":""timestamp with time zone"",""is_nullable"":""YES"",""column_default"":null}"
tables_and_columns,public.forecast_cogs,"{""column"":""estimated_cost"",""data_type"":""numeric"",""is_nullable"":""NO"",""column_default"":null}"
tables_and_columns,public.forecast_cogs,"{""column"":""forecast_id"",""data_type"":""integer"",""is_nullable"":""YES"",""column_default"":null}"
tables_and_columns,public.forecast_cogs,"{""column"":""id"",""data_type"":""integer"",""is_nullable"":""NO"",""column_default"":null}"
tables_and_columns,public.forecast_cogs,"{""column"":""calculated_at"",""data_type"":""timestamp without time zone"",""is_nullable"":""YES"",""column_default"":""now()""}"
tables_and_columns,public.forecast_config,"{""column"":""updated_at"",""data_type"":""timestamp without time zone"",""is_nullable"":""YES"",""column_default"":""now()""}"
tables_and_columns,public.forecast_config,"{""column"":""safety_buffer_percentage"",""data_type"":""numeric"",""is_nullable"":""YES"",""column_default"":""15.00""}"
tables_and_columns,public.forecast_config,"{""column"":""id"",""data_type"":""integer"",""is_nullable"":""NO"",""column_default"":null}"
tables_and_columns,public.forecast_config,"{""column"":""food_cost_warning_threshold"",""data_type"":""numeric"",""is_nullable"":""YES"",""column_default"":""35.00""}"
tables_and_columns,public.forecast_runs,"{""column"":""run_at"",""data_type"":""timestamp with time zone"",""is_nullable"":""YES"",""column_default"":""now()""}"
tables_and_columns,public.forecast_runs,"{""column"":""run_type"",""data_type"":""character varying"",""is_nullable"":""NO"",""column_default"":null}"
tables_and_columns,public.forecast_runs,"{""column"":""model_version"",""data_type"":""character varying"",""is_nullable"":""YES"",""column_default"":null}"
tables_and_columns,public.forecast_runs,"{""column"":""id"",""data_type"":""integer"",""is_nullable"":""NO"",""column_default"":null}"
tables_and_columns,public.forecast_runs,"{""column"":""last_confirmed_date"",""data_type"":""date"",""is_nullable"":""YES"",""column_default"":null}"
tables_and_columns,public.forecast_runs,"{""column"":""stale_days"",""data_type"":""integer"",""is_nullable"":""NO"",""column_default"":""0""}"
tables_and_columns,public.forecasts,"{""column"":""product_id"",""data_type"":""integer"",""is_nullable"":""YES"",""column_default"":null}"
tables_and_columns,public.forecasts,"{""column"":""predicted_revenue"",""data_type"":""numeric"",""is_nullable"":""YES"",""column_default"":null}"
tables_and_columns,public.forecasts,"{""column"":""predicted_quantity"",""data_type"":""numeric"",""is_nullable"":""NO"",""column_default"":null}"
tables_and_columns,public.forecasts,"{""column"":""model_version"",""data_type"":""character varying"",""is_nullable"":""YES"",""column_default"":null}"
tables_and_columns,public.forecasts,"{""column"":""id"",""data_type"":""integer"",""is_nullable"":""NO"",""column_default"":null}"
tables_and_columns,public.forecasts,"{""column"":""created_at"",""data_type"":""timestamp without time zone"",""is_nullable"":""YES"",""column_default"":""now()""}"
tables_and_columns,public.forecasts,"{""column"":""rolling_7"",""data_type"":""numeric"",""is_nullable"":""YES"",""column_default"":null}"
tables_and_columns,public.forecasts,"{""column"":""forecast_date"",""data_type"":""date"",""is_nullable"":""NO"",""column_default"":null}"
tables_and_columns,public.ingredient_categories,"{""column"":""updated_at"",""data_type"":""timestamp with time zone"",""is_nullable"":""NO"",""column_default"":""timezone('utc'::text, now())""}"
tables_and_columns,public.ingredient_categories,"{""column"":""name"",""data_type"":""character varying"",""is_nullable"":""NO"",""column_default"":null}"
tables_and_columns,public.ingredient_categories,"{""column"":""id"",""data_type"":""uuid"",""is_nullable"":""NO"",""column_default"":""gen_random_uuid()""}"
tables_and_columns,public.ingredient_categories,"{""column"":""created_at"",""data_type"":""timestamp with time zone"",""is_nullable"":""NO"",""column_default"":""timezone('utc'::text, now())""}"
tables_and_columns,public.ingredient_units,"{""column"":""piece_weight_grams"",""data_type"":""numeric"",""is_nullable"":""YES"",""column_default"":null}"
tables_and_columns,public.ingredient_units,"{""column"":""name"",""data_type"":""character varying"",""is_nullable"":""NO"",""column_default"":null}"
tables_and_columns,public.ingredient_units,"{""column"":""created_at"",""data_type"":""timestamp with time zone"",""is_nullable"":""NO"",""column_default"":""timezone('utc'::text, now())""}"
tables_and_columns,public.ingredient_units,"{""column"":""updated_at"",""data_type"":""timestamp with time zone"",""is_nullable"":""NO"",""column_default"":""timezone('utc'::text, now())""}"
tables_and_columns,public.ingredient_units,"{""column"":""family"",""data_type"":""text"",""is_nullable"":""NO"",""column_default"":null}"
tables_and_columns,public.ingredient_units,"{""column"":""base_unit"",""data_type"":""text"",""is_nullable"":""YES"",""column_default"":null}"
tables_and_columns,public.ingredient_units,"{""column"":""base_factor"",""data_type"":""numeric"",""is_nullable"":""YES"",""column_default"":null}"
tables_and_columns,public.ingredient_units,"{""column"":""is_piece"",""data_type"":""boolean"",""is_nullable"":""NO"",""column_default"":""false""}"
tables_and_columns,public.ingredient_units,"{""column"":""aliases"",""data_type"":""ARRAY"",""is_nullable"":""NO"",""column_default"":""'{}'::text[]""}"
tables_and_columns,public.ingredient_units,"{""column"":""id"",""data_type"":""uuid"",""is_nullable"":""NO"",""column_default"":""gen_random_uuid()""}"
tables_and_columns,public.ingredient_units,"{""column"":""is_active"",""data_type"":""boolean"",""is_nullable"":""NO"",""column_default"":""true""}"
tables_and_columns,public.ingredients,"{""column"":""quantity"",""data_type"":""numeric"",""is_nullable"":""NO"",""column_default"":""0""}"
tables_and_columns,public.ingredients,"{""column"":""category"",""data_type"":""character varying"",""is_nullable"":""NO"",""column_default"":null}"
tables_and_columns,public.ingredients,"{""column"":""price"",""data_type"":""numeric"",""is_nullable"":""YES"",""column_default"":null}"
tables_and_columns,public.ingredients,"{""column"":""unit"",""data_type"":""character varying"",""is_nullable"":""NO"",""column_default"":null}"
tables_and_columns,public.ingredients,"{""column"":""name"",""data_type"":""character varying"",""is_nullable"":""NO"",""column_default"":null}"
tables_and_columns,public.ingredients,"{""column"":""id"",""data_type"":""integer"",""is_nullable"":""NO"",""column_default"":null}"
tables_and_columns,public.ingredients,"{""column"":""created_by"",""data_type"":""integer"",""is_nullable"":""YES"",""column_default"":null}"
tables_and_columns,public.ingredients,"{""column"":""updated_by"",""data_type"":""integer"",""is_nullable"":""YES"",""column_default"":null}"
tables_and_columns,public.ingredients,"{""column"":""category_id"",""data_type"":""uuid"",""is_nullable"":""YES"",""column_default"":null}"
tables_and_columns,public.ingredients,"{""column"":""is_archived"",""data_type"":""boolean"",""is_nullable"":""YES"",""column_default"":""false""}"
tables_and_columns,public.ingredients,"{""column"":""unit_id"",""data_type"":""uuid"",""is_nullable"":""YES"",""column_default"":null}"
tables_and_columns,public.ingredients,"{""column"":""grams_per_cup"",""data_type"":""numeric"",""is_nullable"":""YES"",""column_default"":null}"
tables_and_columns,public.ingredients,"{""column"":""created_at"",""data_type"":""timestamp with time zone"",""is_nullable"":""NO"",""column_default"":""timezone('utc'::text, now())""}"
tables_and_columns,public.ingredients,"{""column"":""updated_at"",""data_type"":""timestamp with time zone"",""is_nullable"":""NO"",""column_default"":""timezone('utc'::text, now())""}"
tables_and_columns,public.ingredients,"{""column"":""min_stock"",""data_type"":""numeric"",""is_nullable"":""YES"",""column_default"":""0""}"
tables_and_columns,public.inventory_transactions,"{""column"":""id"",""data_type"":""uuid"",""is_nullable"":""NO"",""column_default"":""gen_random_uuid()""}"
tables_and_columns,public.inventory_transactions,"{""column"":""notes"",""data_type"":""text"",""is_nullable"":""YES"",""column_default"":null}"
tables_and_columns,public.inventory_transactions,"{""column"":""created_at"",""data_type"":""timestamp with time zone"",""is_nullable"":""NO"",""column_default"":""timezone('utc'::text, now())""}"
tables_and_columns,public.inventory_transactions,"{""column"":""created_by"",""data_type"":""integer"",""is_nullable"":""YES"",""column_default"":null}"
tables_and_columns,public.inventory_transactions,"{""column"":""ingredient_id"",""data_type"":""integer"",""is_nullable"":""YES"",""column_default"":null}"
tables_and_columns,public.inventory_transactions,"{""column"":""reason"",""data_type"":""character varying"",""is_nullable"":""YES"",""column_default"":null}"
tables_and_columns,public.inventory_transactions,"{""column"":""new_quantity"",""data_type"":""numeric"",""is_nullable"":""NO"",""column_default"":null}"
tables_and_columns,public.inventory_transactions,"{""column"":""previous_quantity"",""data_type"":""numeric"",""is_nullable"":""NO"",""column_default"":null}"
tables_and_columns,public.inventory_transactions,"{""column"":""quantity"",""data_type"":""numeric"",""is_nullable"":""NO"",""column_default"":null}"
tables_and_columns,public.inventory_transactions,"{""column"":""transaction_type"",""data_type"":""character varying"",""is_nullable"":""NO"",""column_default"":null}"
tables_and_columns,public.market_price,"{""column"":""price"",""data_type"":""numeric"",""is_nullable"":""NO"",""column_default"":null}"
tables_and_columns,public.market_price,"{""column"":""scraped_at"",""data_type"":""timestamp without time zone"",""is_nullable"":""YES"",""column_default"":""now()""}"
tables_and_columns,public.market_price,"{""column"":""is_manual_entry"",""data_type"":""boolean"",""is_nullable"":""YES"",""column_default"":""false""}"
tables_and_columns,public.market_price,"{""column"":""unit"",""data_type"":""character varying"",""is_nullable"":""NO"",""column_default"":null}"
tables_and_columns,public.market_price,"{""column"":""source"",""data_type"":""character varying"",""is_nullable"":""NO"",""column_default"":null}"
tables_and_columns,public.market_price,"{""column"":""ingredient_id"",""data_type"":""integer"",""is_nullable"":""YES"",""column_default"":null}"
tables_and_columns,public.market_price,"{""column"":""id"",""data_type"":""integer"",""is_nullable"":""NO"",""column_default"":null}"
tables_and_columns,public.market_sources,"{""column"":""label"",""data_type"":""character varying"",""is_nullable"":""NO"",""column_default"":null}"
tables_and_columns,public.market_sources,"{""column"":""key"",""data_type"":""character varying"",""is_nullable"":""NO"",""column_default"":null}"
tables_and_columns,public.market_sources,"{""column"":""updated_at"",""data_type"":""timestamp with time zone"",""is_nullable"":""NO"",""column_default"":""now()""}"
tables_and_columns,public.market_sources,"{""column"":""created_at"",""data_type"":""timestamp with time zone"",""is_nullable"":""NO"",""column_default"":""now()""}"
tables_and_columns,public.market_sources,"{""column"":""is_active"",""data_type"":""boolean"",""is_nullable"":""NO"",""column_default"":""true""}"
tables_and_columns,public.market_sources,"{""column"":""id"",""data_type"":""integer"",""is_nullable"":""NO"",""column_default"":null}"
tables_and_columns,public.market_sources,"{""column"":""tooltip"",""data_type"":""text"",""is_nullable"":""YES"",""column_default"":null}"
tables_and_columns,public.market_sources,"{""column"":""display_order"",""data_type"":""integer"",""is_nullable"":""NO"",""column_default"":""0""}"
tables_and_columns,public.model_metrics,"{""column"":""feature_importance"",""data_type"":""jsonb"",""is_nullable"":""YES"",""column_default"":null}"
tables_and_columns,public.model_metrics,"{""column"":""id"",""data_type"":""integer"",""is_nullable"":""NO"",""column_default"":null}"
tables_and_columns,public.model_metrics,"{""column"":""model_version"",""data_type"":""character varying"",""is_nullable"":""NO"",""column_default"":null}"
tables_and_columns,public.model_metrics,"{""column"":""evaluation_date"",""data_type"":""date"",""is_nullable"":""YES"",""column_default"":""CURRENT_DATE""}"
tables_and_columns,public.model_metrics,"{""column"":""mape"",""data_type"":""numeric"",""is_nullable"":""YES"",""column_default"":null}"
tables_and_columns,public.model_metrics,"{""column"":""mae"",""data_type"":""numeric"",""is_nullable"":""YES"",""column_default"":null}"
tables_and_columns,public.model_metrics,"{""column"":""rmse"",""data_type"":""numeric"",""is_nullable"":""YES"",""column_default"":null}"
tables_and_columns,public.model_metrics,"{""column"":""notes"",""data_type"":""text"",""is_nullable"":""YES"",""column_default"":null}"
tables_and_columns,public.notifications,"{""column"":""message"",""data_type"":""text"",""is_nullable"":""NO"",""column_default"":null}"
tables_and_columns,public.notifications,"{""column"":""type"",""data_type"":""character varying"",""is_nullable"":""NO"",""column_default"":""'info'::character varying""}"
tables_and_columns,public.notifications,"{""column"":""user_id"",""data_type"":""integer"",""is_nullable"":""NO"",""column_default"":null}"
tables_and_columns,public.notifications,"{""column"":""id"",""data_type"":""bigint"",""is_nullable"":""NO"",""column_default"":null}"
tables_and_columns,public.notifications,"{""column"":""updated_at"",""data_type"":""timestamp with time zone"",""is_nullable"":""YES"",""column_default"":""now()""}"
tables_and_columns,public.notifications,"{""column"":""created_at"",""data_type"":""timestamp with time zone"",""is_nullable"":""YES"",""column_default"":""now()""}"
tables_and_columns,public.notifications,"{""column"":""metadata"",""data_type"":""jsonb"",""is_nullable"":""YES"",""column_default"":null}"
tables_and_columns,public.notifications,"{""column"":""read"",""data_type"":""boolean"",""is_nullable"":""YES"",""column_default"":""false""}"
tables_and_columns,public.notifications,"{""column"":""link"",""data_type"":""character varying"",""is_nullable"":""YES"",""column_default"":null}"
tables_and_columns,public.notifications,"{""column"":""title"",""data_type"":""character varying"",""is_nullable"":""NO"",""column_default"":null}"
tables_and_columns,public.password_resets,"{""column"":""created_at"",""data_type"":""timestamp with time zone"",""is_nullable"":""YES"",""column_default"":""now()""}"
tables_and_columns,public.password_resets,"{""column"":""used_at"",""data_type"":""timestamp with time zone"",""is_nullable"":""YES"",""column_default"":null}"
tables_and_columns,public.password_resets,"{""column"":""user_id"",""data_type"":""integer"",""is_nullable"":""NO"",""column_default"":null}"
tables_and_columns,public.password_resets,"{""column"":""id"",""data_type"":""integer"",""is_nullable"":""NO"",""column_default"":null}"
tables_and_columns,public.password_resets,"{""column"":""email"",""data_type"":""character varying"",""is_nullable"":""NO"",""column_default"":null}"
tables_and_columns,public.password_resets,"{""column"":""verification_code"",""data_type"":""character varying"",""is_nullable"":""NO"",""column_default"":null}"
tables_and_columns,public.password_resets,"{""column"":""expires_at"",""data_type"":""timestamp with time zone"",""is_nullable"":""NO"",""column_default"":null}"
tables_and_columns,public.password_resets,"{""column"":""is_used"",""data_type"":""boolean"",""is_nullable"":""YES"",""column_default"":""false""}"
tables_and_columns,public.product_categories,"{""column"":""name"",""data_type"":""character varying"",""is_nullable"":""NO"",""column_default"":null}"
tables_and_columns,public.product_categories,"{""column"":""created_at"",""data_type"":""timestamp with time zone"",""is_nullable"":""NO"",""column_default"":""timezone('utc'::text, now())""}"
tables_and_columns,public.product_categories,"{""column"":""updated_at"",""data_type"":""timestamp with time zone"",""is_nullable"":""NO"",""column_default"":""timezone('utc'::text, now())""}"
tables_and_columns,public.product_categories,"{""column"":""id"",""data_type"":""uuid"",""is_nullable"":""NO"",""column_default"":""gen_random_uuid()""}"
tables_and_columns,public.product_classifications,"{""column"":""basis"",""data_type"":""character varying"",""is_nullable"":""YES"",""column_default"":null}"
tables_and_columns,public.product_classifications,"{""column"":""demand_tier"",""data_type"":""character varying"",""is_nullable"":""NO"",""column_default"":null}"
tables_and_columns,public.product_classifications,"{""column"":""classification_date"",""data_type"":""date"",""is_nullable"":""YES"",""column_default"":""CURRENT_DATE""}"
tables_and_columns,public.product_classifications,"{""column"":""product_id"",""data_type"":""integer"",""is_nullable"":""YES"",""column_default"":null}"
tables_and_columns,public.product_classifications,"{""column"":""id"",""data_type"":""integer"",""is_nullable"":""NO"",""column_default"":null}"
tables_and_columns,public.product_ingredients,"{""column"":""quantity_per_serving"",""data_type"":""text"",""is_nullable"":""NO"",""column_default"":null}"
tables_and_columns,public.product_ingredients,"{""column"":""product_id"",""data_type"":""integer"",""is_nullable"":""NO"",""column_default"":null}"
tables_and_columns,public.product_ingredients,"{""column"":""id"",""data_type"":""integer"",""is_nullable"":""NO"",""column_default"":null}"
tables_and_columns,public.product_ingredients,"{""column"":""unit"",""data_type"":""character varying"",""is_nullable"":""YES"",""column_default"":null}"
tables_and_columns,public.product_ingredients,"{""column"":""ingredient_id"",""data_type"":""integer"",""is_nullable"":""NO"",""column_default"":null}"
tables_and_columns,public.products,"{""column"":""name"",""data_type"":""character varying"",""is_nullable"":""NO"",""column_default"":null}"
tables_and_columns,public.products,"{""column"":""id"",""data_type"":""integer"",""is_nullable"":""NO"",""column_default"":null}"
tables_and_columns,public.products,"{""column"":""price"",""data_type"":""numeric"",""is_nullable"":""NO"",""column_default"":null}"
tables_and_columns,public.products,"{""column"":""category"",""data_type"":""character varying"",""is_nullable"":""NO"",""column_default"":null}"
tables_and_columns,public.products,"{""column"":""serving_size_label"",""data_type"":""character varying"",""is_nullable"":""YES"",""column_default"":null}"
tables_and_columns,public.products,"{""column"":""first_sold_date"",""data_type"":""date"",""is_nullable"":""YES"",""column_default"":null}"
tables_and_columns,public.products,"{""column"":""inactive_reason"",""data_type"":""text"",""is_nullable"":""YES"",""column_default"":null}"
tables_and_columns,public.products,"{""column"":""inactive_since"",""data_type"":""timestamp without time zone"",""is_nullable"":""YES"",""column_default"":null}"
tables_and_columns,public.products,"{""column"":""created_at"",""data_type"":""timestamp without time zone"",""is_nullable"":""YES"",""column_default"":""now()""}"
tables_and_columns,public.products,"{""column"":""status"",""data_type"":""USER-DEFINED"",""is_nullable"":""NO"",""column_default"":""'inactive_new'::product_status""}"
tables_and_columns,public.products,"{""column"":""is_active"",""data_type"":""boolean"",""is_nullable"":""YES"",""column_default"":null}"
tables_and_columns,public.products,"{""column"":""category_id"",""data_type"":""uuid"",""is_nullable"":""YES"",""column_default"":null}"
tables_and_columns,public.products,"{""column"":""updated_at"",""data_type"":""timestamp with time zone"",""is_nullable"":""NO"",""column_default"":""now()""}"
tables_and_columns,public.system_actions_log,"{""column"":""action_type"",""data_type"":""character varying"",""is_nullable"":""NO"",""column_default"":null}"
tables_and_columns,public.system_actions_log,"{""column"":""details"",""data_type"":""text"",""is_nullable"":""YES"",""column_default"":null}"
tables_and_columns,public.system_actions_log,"{""column"":""performed_at"",""data_type"":""timestamp without time zone"",""is_nullable"":""YES"",""column_default"":""now()""}"
tables_and_columns,public.system_actions_log,"{""column"":""id"",""data_type"":""integer"",""is_nullable"":""NO"",""column_default"":null}"
tables_and_columns,public.uploads,"{""column"":""user_id"",""data_type"":""integer"",""is_nullable"":""YES"",""column_default"":null}"
tables_and_columns,public.uploads,"{""column"":""error_message"",""data_type"":""text"",""is_nullable"":""YES"",""column_default"":null}"
tables_and_columns,public.uploads,"{""column"":""id"",""data_type"":""integer"",""is_nullable"":""NO"",""column_default"":null}"
tables_and_columns,public.uploads,"{""column"":""status"",""data_type"":""character varying"",""is_nullable"":""YES"",""column_default"":""'pending'::character varying""}"
tables_and_columns,public.uploads,"{""column"":""row_count"",""data_type"":""integer"",""is_nullable"":""YES"",""column_default"":null}"
tables_and_columns,public.uploads,"{""column"":""upload_date"",""data_type"":""timestamp without time zone"",""is_nullable"":""YES"",""column_default"":""now()""}"
tables_and_columns,public.uploads,"{""column"":""filename"",""data_type"":""character varying"",""is_nullable"":""NO"",""column_default"":null}"
triggers,public.ingredient_categories,"{""definition"":""CREATE TRIGGER update_categories_updated_at BEFORE UPDATE ON ingredient_categories FOR EACH ROW EXECUTE FUNCTION update_updated_at_column()"",""trigger_name"":""update_categories_updated_at""}"
triggers,public.ingredient_units,"{""definition"":""CREATE TRIGGER set_units_updated_at BEFORE UPDATE ON ingredient_units FOR EACH ROW EXECUTE FUNCTION update_updated_at_column()"",""trigger_name"":""set_units_updated_at""}"
triggers,public.market_sources,"{""definition"":""CREATE TRIGGER update_market_sources_updated_at BEFORE UPDATE ON market_sources FOR EACH ROW EXECUTE FUNCTION update_updated_at_column()"",""trigger_name"":""update_market_sources_updated_at""}"
triggers,public.product_categories,"{""definition"":""CREATE TRIGGER set_product_categories_updated_at BEFORE UPDATE ON product_categories FOR EACH ROW EXECUTE FUNCTION update_updated_at_column()"",""trigger_name"":""set_product_categories_updated_at""}"
triggers,public.products,"{""definition"":""CREATE TRIGGER update_products_updated_at BEFORE UPDATE ON products FOR EACH ROW EXECUTE FUNCTION set_products_updated_at()"",""trigger_name"":""update_products_updated_at""}"
unique_constraints,"public.""user""","{""definition"":""UNIQUE (email)"",""constraint_name"":""user_email_key""}"
unique_constraints,"public.""user""","{""definition"":""UNIQUE (auth_id)"",""constraint_name"":""user_auth_id_key""}"
unique_constraints,public.business_days,"{""definition"":""UNIQUE (business_date)"",""constraint_name"":""business_days_business_date_key""}"
unique_constraints,public.daily_sales,"{""definition"":""UNIQUE (product_id, sale_date)"",""constraint_name"":""daily_sales_product_id_sale_date_key""}"
unique_constraints,public.email_verifications,"{""definition"":""UNIQUE (user_id)"",""constraint_name"":""email_verifications_user_id_key""}"
unique_constraints,public.forecasts,"{""definition"":""UNIQUE (product_id, forecast_date)"",""constraint_name"":""forecasts_product_date_unique""}"
unique_constraints,public.ingredient_categories,"{""definition"":""UNIQUE (name)"",""constraint_name"":""categories_name_key""}"
unique_constraints,public.ingredient_units,"{""definition"":""UNIQUE (name)"",""constraint_name"":""units_name_key""}"
unique_constraints,public.ingredients,"{""definition"":""UNIQUE (name)"",""constraint_name"":""ingredients_name_key""}"
unique_constraints,public.market_sources,"{""definition"":""UNIQUE (key)"",""constraint_name"":""market_sources_key_key""}"
unique_constraints,public.password_resets,"{""definition"":""UNIQUE (user_id)"",""constraint_name"":""password_resets_user_id_key""}"
unique_constraints,public.product_categories,"{""definition"":""UNIQUE (name)"",""constraint_name"":""product_categories_name_key""}"
unique_constraints,public.products,"{""definition"":""UNIQUE (name)"",""constraint_name"":""products_name_key""}"